date_time,bot_name,game_played,score,best_score,average_score,total_moves,game_time,session_time
2026-07-01 23:01:32,q_learning,1,6,6,6.0,7972,12.12,12.12
2026-07-01 23:01:42,q_learning,2,7,7,6.5,6310,9.98,22.18
2026-07-01 23:01:55,q_learning,3,6,7,6.333333333333333,7986,12.63,34.82
2026-07-01 23:02:07,q_learning,4,6,7,6.25,7623,11.95,46.78
2026-07-01 23:02:11,q_learning,5,4,7,5.8,3056,4.76,51.55
2026-07-01 23:02:20,q_learning,6,6,7,5.833333333333333,5556,8.74,60.31
2026-07-01 23:02:23,q_learning,7,8,8,6.142857142857143,1817,2.85,63.17
2026-07-01 23:02:29,q_learning,8,7,8,6.25,3823,6.05,69.24
2026-07-01 23:02:34,q_learning,9,6,8,6.222222222222222,3032,4.7,73.95
2026-07-01 23:02:41,q_learning,10,6,8,6.2,4733,7.44,81.41
2026-07-01 23:02:47,q_learning,11,6,8,6.181818181818182,3441,5.43,86.85
2026-07-01 23:02:54,q_learning,12,4,8,6.0,4523,7.08,93.94
2026-07-01 23:02:58,q_learning,13,4,8,5.846153846153846,2401,3.74,97.69
2026-07-01 23:03:02,q_learning,14,7,8,5.928571428571429,2892,4.59,102.29
2026-07-01 23:03:06,q_learning,15,6,8,5.933333333333334,2689,4.18,106.48
2026-07-01 23:03:08,q_learning,16,7,8,6.0,1110,1.75,108.24
2026-07-01 23:03:12,q_learning,17,8,8,6.117647058823529,2706,4.26,112.51
2026-07-01 23:03:19,q_learning,18,6,8,6.111111111111111,3905,6.07,118.59
2026-07-01 23:03:21,q_learning,19,6,8,6.105263157894737,1460,2.25,120.85
2026-07-01 23:03:25,q_learning,20,8,8,6.2,2829,4.46,125.32
2026-07-01 23:03:36,q_learning,21,8,8,6.285714285714286,6719,10.61,135.94
2026-07-01 23:03:40,q_learning,22,8,8,6.363636363636363,2571,4.1,140.05
2026-07-01 23:03:46,q_learning,23,10,10,6.521739130434782,3715,5.93,145.99
2026-07-01 23:03:50,q_learning,24,8,10,6.583333333333333,2841,4.47,150.47
2026-07-01 23:03:55,q_learning,25,8,10,6.64,2908,4.56,155.05
2026-07-01 23:03:59,q_learning,26,8,10,6.6923076923076925,2408,3.81,158.86
2026-07-01 23:04:01,q_learning,27,7,10,6.703703703703703,1740,2.69,161.56
2026-07-01 23:04:04,q_learning,28,5,10,6.642857142857143,1248,2.0,163.57
2026-07-01 23:04:06,q_learning,29,4,10,6.551724137931035,1826,2.92,166.51
2026-07-01 23:04:11,q_learning,30,8,10,6.6,2634,4.12,170.64
2026-07-01 23:04:14,q_learning,31,6,10,6.580645161290323,1903,2.93,173.59
2026-07-01 23:04:17,q_learning,32,8,10,6.625,2135,3.36,176.96
2026-07-01 23:04:20,q_learning,33,5,10,6.575757575757576,1734,2.73,179.7
2026-07-01 23:04:23,q_learning,34,8,10,6.617647058823529,2276,3.62,183.33
2026-07-01 23:04:28,q_learning,35,6,10,6.6,3063,4.84,188.18
2026-07-01 23:04:30,q_learning,36,7,10,6.611111111111111,1355,2.11,190.3
2026-07-01 23:04:33,q_learning,37,8,10,6.648648648648648,1762,2.8,193.11
2026-07-01 23:04:34,q_learning,38,6,10,6.631578947368421,801,1.28,194.4
2026-07-01 23:04:38,q_learning,39,7,10,6.641025641025641,2215,3.47,197.89
2026-07-01 23:04:42,q_learning,40,10,10,6.725,2743,4.32,202.22
2026-07-01 23:04:46,q_learning,41,10,10,6.804878048780488,2625,4.1,206.33
2026-07-01 23:04:48,q_learning,42,8,10,6.833333333333333,1326,2.07,208.41
2026-07-01 23:04:52,q_learning,43,9,10,6.883720930232558,2253,3.59,212.02
2026-07-01 23:04:53,q_learning,44,9,10,6.931818181818182,974,1.51,213.53
2026-07-01 23:04:58,q_learning,45,10,10,7.0,2567,4.11,217.65
2026-07-01 23:05:00,q_learning,46,10,10,7.065217391304348,1290,2.03,219.7
2026-07-01 23:05:02,q_learning,47,8,10,7.085106382978723,1759,2.75,222.45
2026-07-01 23:05:05,q_learning,48,8,10,7.104166666666667,1665,2.65,225.12
2026-07-01 23:05:07,q_learning,49,12,12,7.204081632653061,1175,1.85,226.98
2026-07-01 23:05:09,q_learning,50,8,12,7.22,1396,2.16,229.15
2026-07-01 23:05:12,q_learning,51,8,12,7.235294117647059,2143,3.37,232.54
2026-07-01 23:05:14,q_learning,52,9,12,7.269230769230769,899,1.42,233.97
2026-07-01 23:05:17,q_learning,53,9,12,7.30188679245283,1827,2.86,236.84
2026-07-01 23:05:20,q_learning,54,8,12,7.314814814814815,1795,2.86,239.71
2026-07-01 23:05:21,q_learning,55,7,12,7.3090909090909095,913,1.47,241.19
2026-07-01 23:05:23,q_learning,56,10,12,7.357142857142857,1209,1.91,243.11
2026-07-01 23:05:25,q_learning,57,8,12,7.368421052631579,1164,1.79,244.91
2026-07-01 23:05:28,q_learning,58,10,12,7.413793103448276,2004,3.16,248.08
2026-07-01 23:05:30,q_learning,59,11,12,7.47457627118644,1319,2.05,250.15
2026-07-01 23:05:33,q_learning,60,10,12,7.516666666666667,1712,2.71,252.87
2026-07-01 23:05:34,q_learning,61,7,12,7.508196721311475,748,1.23,254.11
2026-07-01 23:05:37,q_learning,62,10,12,7.548387096774194,2105,3.32,257.44
2026-07-01 23:05:39,q_learning,63,8,12,7.555555555555555,1231,1.96,259.41
2026-07-01 23:05:41,q_learning,64,6,12,7.53125,797,1.25,260.67
2026-07-01 23:05:43,q_learning,65,9,12,7.553846153846154,1432,2.22,262.9
2026-07-01 23:05:46,q_learning,66,12,12,7.621212121212121,1956,3.09,266.01
2026-07-01 23:05:48,q_learning,67,9,12,7.641791044776119,1421,2.21,268.23
2026-07-01 23:05:51,q_learning,68,10,12,7.676470588235294,1592,2.51,270.75
2026-07-01 23:05:52,q_learning,69,6,12,7.6521739130434785,809,1.26,272.02
2026-07-01 23:05:55,q_learning,70,9,12,7.671428571428572,1636,2.57,274.6
2026-07-01 23:05:57,q_learning,71,8,12,7.676056338028169,1300,2.04,276.64
2026-07-01 23:05:59,q_learning,72,8,12,7.680555555555555,1315,2.08,278.74
2026-07-01 23:06:00,q_learning,73,8,12,7.684931506849315,686,1.09,279.83
2026-07-01 23:06:02,q_learning,74,9,12,7.702702702702703,1468,2.31,282.15
2026-07-01 23:06:03,q_learning,75,11,12,7.746666666666667,765,1.22,283.39
2026-07-01 23:06:05,q_learning,76,8,12,7.75,1016,1.59,284.98
2026-07-01 23:06:06,q_learning,77,6,12,7.7272727272727275,871,1.34,286.34
2026-07-01 23:06:08,q_learning,78,8,12,7.730769230769231,1156,1.78,288.13
2026-07-01 23:06:10,q_learning,79,8,12,7.734177215189874,1385,2.21,290.35
2026-07-01 23:06:12,q_learning,80,7,12,7.725,933,1.48,291.85
2026-07-01 23:06:14,q_learning,81,11,12,7.765432098765432,1526,2.39,294.24
2026-07-01 23:06:16,q_learning,82,8,12,7.7682926829268295,823,1.33,295.58
2026-07-01 23:06:17,q_learning,83,6,12,7.746987951807229,826,1.29,296.88
2026-07-01 23:06:20,q_learning,84,7,12,7.738095238095238,1826,2.81,299.7
2026-07-01 23:06:21,q_learning,85,8,12,7.741176470588235,861,1.48,301.19
2026-07-01 23:06:23,q_learning,86,8,12,7.744186046511628,1025,1.65,302.85
2026-07-01 23:06:25,q_learning,87,10,12,7.7701149425287355,1322,2.11,304.97
2026-07-01 23:06:26,q_learning,88,7,12,7.761363636363637,884,1.37,306.35
2026-07-01 23:06:28,q_learning,89,10,12,7.786516853932584,952,1.5,307.86
2026-07-01 23:06:30,q_learning,90,9,12,7.8,1090,1.72,309.6
2026-07-01 23:06:32,q_learning,91,9,12,7.813186813186813,1387,2.16,311.76
2026-07-01 23:06:33,q_learning,92,9,12,7.826086956521739,809,1.29,313.07
2026-07-01 23:06:34,q_learning,93,5,12,7.795698924731183,476,0.74,313.81
2026-07-01 23:06:36,q_learning,94,7,12,7.787234042553192,1177,1.85,315.67
2026-07-01 23:06:38,q_learning,95,13,13,7.842105263157895,1234,1.96,317.65
2026-07-01 23:06:40,q_learning,96,11,13,7.875,1553,2.45,320.11
2026-07-01 23:06:41,q_learning,97,10,13,7.896907216494846,786,1.23,321.35
2026-07-01 23:06:43,q_learning,98,10,13,7.918367346938775,852,1.35,322.71
2026-07-01 23:06:44,q_learning,99,8,13,7.91919191919192,873,1.38,324.11
2026-07-01 23:06:45,q_learning,100,9,13,7.93,841,1.3,325.42
2026-07-01 23:06:47,q_learning,101,13,13,8.0,990,1.56,327.0
2026-07-01 23:06:48,q_learning,102,7,13,8.0,697,1.09,328.1
2026-07-01 23:06:50,q_learning,103,8,13,8.02,1025,1.62,329.73
2026-07-01 23:06:51,q_learning,104,10,13,8.06,1047,1.65,331.4
2026-07-01 23:06:53,q_learning,105,9,13,8.11,919,1.43,332.84
2026-07-01 23:06:55,q_learning,106,15,15,8.2,1168,1.84,334.69
2026-07-01 23:06:55,q_learning,107,6,15,8.18,475,0.75,335.46
2026-07-01 23:06:57,q_learning,108,15,15,8.26,1104,1.73,337.2
2026-07-01 23:06:58,q_learning,109,9,15,8.29,691,1.1,338.31
2026-07-01 23:07:00,q_learning,110,9,15,8.32,993,1.56,339.89
2026-07-01 23:07:01,q_learning,111,9,15,8.35,735,1.15,341.05
2026-07-01 23:07:03,q_learning,112,10,15,8.41,1155,1.82,342.89
2026-07-01 23:07:04,q_learning,113,6,15,8.43,766,1.19,344.09
2026-07-01 23:07:06,q_learning,114,11,15,8.47,1175,1.88,345.98
2026-07-01 23:07:08,q_learning,115,12,15,8.53,1335,2.1,348.09
2026-07-01 23:07:09,q_learning,116,11,15,8.57,913,1.44,349.54
2026-07-01 23:07:11,q_learning,117,10,15,8.59,1000,1.55,351.11
2026-07-01 23:07:12,q_learning,118,11,15,8.64,868,1.38,352.5
2026-07-01 23:07:14,q_learning,119,8,15,8.66,1150,1.81,354.32
2026-07-01 23:07:16,q_learning,120,12,15,8.7,854,1.35,355.69
2026-07-01 23:07:17,q_learning,121,10,15,8.72,732,1.14,356.84
2026-07-01 23:07:18,q_learning,122,13,15,8.77,807,1.27,358.13
2026-07-01 23:07:20,q_learning,123,14,15,8.81,1166,1.89,360.03
2026-07-01 23:07:22,q_learning,124,8,15,8.81,1031,1.62,361.66
2026-07-01 23:07:24,q_learning,125,10,15,8.83,1300,2.07,363.74
2026-07-01 23:07:25,q_learning,126,10,15,8.85,738,1.18,364.93
2026-07-01 23:07:26,q_learning,127,9,15,8.87,879,1.37,366.32
2026-07-01 23:07:27,q_learning,128,8,15,8.9,741,1.16,367.48
2026-07-01 23:07:28,q_learning,129,7,15,8.93,657,1.04,368.53
2026-07-01 23:07:30,q_learning,130,10,15,8.95,867,1.37,369.92
2026-07-01 23:07:31,q_learning,131,13,15,9.02,880,1.38,371.31
2026-07-01 23:07:33,q_learning,132,10,15,9.04,1189,1.89,373.22
2026-07-01 23:07:35,q_learning,133,12,15,9.11,990,1.6,374.82
2026-07-01 23:07:36,q_learning,134,15,15,9.18,854,1.37,376.2
2026-07-01 23:07:37,q_learning,135,9,15,9.21,732,1.16,377.37
2026-07-01 23:07:39,q_learning,136,11,15,9.25,1063,1.67,379.05
2026-07-01 23:07:40,q_learning,137,11,15,9.28,950,1.51,380.57
2026-07-01 23:07:42,q_learning,138,10,15,9.32,846,1.32,381.9
2026-07-01 23:07:42,q_learning,139,5,15,9.3,323,0.5,382.41
2026-07-01 23:07:43,q_learning,140,4,15,9.24,470,0.74,383.16
2026-07-01 23:07:44,q_learning,141,8,15,9.22,601,0.93,384.11
2026-07-01 23:07:45,q_learning,142,10,15,9.24,889,1.41,385.53
2026-07-01 23:07:47,q_learning,143,9,15,9.24,717,1.12,386.67
2026-07-01 23:07:48,q_learning,144,9,15,9.24,718,1.13,387.81
2026-07-01 23:07:49,q_learning,145,9,15,9.23,839,1.3,389.12
2026-07-01 23:07:51,q_learning,146,14,15,9.27,1087,1.72,390.85
2026-07-01 23:07:52,q_learning,147,8,15,9.27,498,0.78,391.64
2026-07-01 23:07:53,q_learning,148,10,15,9.29,1074,1.73,393.39
2026-07-01 23:07:55,q_learning,149,11,15,9.28,843,1.32,394.72
2026-07-01 23:07:56,q_learning,150,7,15,9.27,552,0.86,395.59
2026-07-01 23:07:57,q_learning,151,12,15,9.31,976,1.53,397.14
2026-07-01 23:07:58,q_learning,152,8,15,9.3,587,0.91,398.06
2026-07-01 23:07:59,q_learning,153,9,15,9.3,609,0.97,399.05
2026-07-01 23:08:00,q_learning,154,8,15,9.3,714,1.11,400.17
2026-07-01 23:08:01,q_learning,155,9,15,9.32,659,1.05,401.23
2026-07-01 23:08:02,q_learning,156,8,15,9.3,465,0.72,401.96
2026-07-01 23:08:03,q_learning,157,9,15,9.31,749,1.18,403.15
2026-07-01 23:08:04,q_learning,158,10,15,9.31,472,0.74,403.9
2026-07-01 23:08:05,q_learning,159,8,15,9.28,482,0.76,404.67
2026-07-01 23:08:06,q_learning,160,12,15,9.3,984,1.55,406.22
2026-07-01 23:08:07,q_learning,161,8,15,9.31,575,0.89,407.13
2026-07-01 23:08:09,q_learning,162,13,15,9.34,1185,1.88,409.02
2026-07-01 23:08:10,q_learning,163,10,15,9.36,875,1.4,410.43
2026-07-01 23:08:12,q_learning,164,12,15,9.42,749,1.18,411.62
2026-07-01 23:08:13,q_learning,165,8,15,9.41,605,0.94,412.58
2026-07-01 23:08:14,q_learning,166,7,15,9.36,743,1.18,413.76
2026-07-01 23:08:15,q_learning,167,11,15,9.38,661,1.05,414.83
2026-07-01 23:08:16,q_learning,168,8,15,9.36,856,1.36,416.21
2026-07-01 23:08:18,q_learning,169,15,15,9.45,1142,1.82,418.04
2026-07-01 23:08:19,q_learning,170,11,15,9.47,916,1.45,419.5
2026-07-01 23:08:20,q_learning,171,11,15,9.5,629,0.99,420.5
2026-07-01 23:08:22,q_learning,172,11,15,9.53,769,1.22,421.73
2026-07-01 23:08:22,q_learning,173,9,15,9.54,486,0.75,422.49
2026-07-01 23:08:24,q_learning,174,11,15,9.56,743,1.19,423.7
2026-07-01 23:08:24,q_learning,175,7,15,9.52,515,0.8,424.51
2026-07-01 23:08:26,q_learning,176,13,15,9.57,770,1.22,425.74
2026-07-01 23:08:27,q_learning,177,11,15,9.62,768,1.22,426.97
2026-07-01 23:08:28,q_learning,178,8,15,9.62,472,0.73,427.71
2026-07-01 23:08:29,q_learning,179,13,15,9.67,922,1.48,429.2
2026-07-01 23:08:31,q_learning,180,12,15,9.72,1014,1.59,430.81
2026-07-01 23:08:32,q_learning,181,9,15,9.7,665,1.03,431.85
2026-07-01 23:08:33,q_learning,182,8,15,9.7,774,1.21,433.07
2026-07-01 23:08:34,q_learning,183,12,15,9.76,861,1.36,434.45
2026-07-01 23:08:36,q_learning,184,12,15,9.81,817,1.31,435.76
2026-07-01 23:08:37,q_learning,185,12,15,9.85,844,1.33,437.11
2026-07-01 23:08:38,q_learning,186,9,15,9.86,663,1.06,438.19
2026-07-01 23:08:39,q_learning,187,5,15,9.81,268,0.42,438.62
2026-07-01 23:08:40,q_learning,188,8,15,9.82,723,1.13,439.76
2026-07-01 23:08:41,q_learning,189,9,15,9.81,602,0.93,440.7
2026-07-01 23:08:42,q_learning,190,14,15,9.86,903,1.41,442.13
2026-07-01 23:08:43,q_learning,191,11,15,9.88,742,1.19,443.34
2026-07-01 23:08:44,q_learning,192,9,15,9.88,507,0.78,444.13
2026-07-01 23:08:45,q_learning,193,9,15,9.92,587,0.92,445.07
2026-07-01 23:08:46,q_learning,194,8,15,9.93,468,0.74,445.82
2026-07-01 23:08:47,q_learning,195,13,15,9.93,703,1.12,446.95
2026-07-01 23:08:48,q_learning,196,16,16,9.98,898,1.42,448.38
2026-07-01 23:08:50,q_learning,197,16,16,10.04,1206,1.94,450.33
2026-07-01 23:08:51,q_learning,198,12,16,10.06,382,0.59,450.94
2026-07-01 23:08:52,q_learning,199,14,16,10.12,857,1.36,452.31
2026-07-01 23:08:53,q_learning,200,10,16,10.13,658,1.04,453.37
2026-07-01 23:08:55,q_learning,201,17,17,10.17,1068,1.72,455.1
2026-07-01 23:08:56,q_learning,202,8,17,10.18,472,0.75,455.86
2026-07-01 23:08:57,q_learning,203,12,17,10.22,868,1.4,457.27
2026-07-01 23:08:58,q_learning,204,10,17,10.22,694,1.1,458.38
2026-07-01 23:08:59,q_learning,205,9,17,10.22,638,1.01,459.4
2026-07-01 23:09:00,q_learning,206,9,17,10.16,524,0.81,460.23
2026-07-01 23:09:01,q_learning,207,11,17,10.21,701,1.1,461.33
2026-07-01 23:09:02,q_learning,208,11,17,10.17,728,1.16,462.5
2026-07-01 23:09:03,q_learning,209,10,17,10.18,608,0.96,463.47
2026-07-01 23:09:05,q_learning,210,17,17,10.26,1177,1.83,465.32
2026-07-01 23:09:06,q_learning,211,6,17,10.23,355,0.57,465.9
2026-07-01 23:09:07,q_learning,212,8,17,10.21,468,0.73,466.65
2026-07-01 23:09:08,q_learning,213,8,17,10.23,585,0.91,467.57
2026-07-01 23:09:09,q_learning,214,8,17,10.2,680,1.08,468.66
2026-07-01 23:09:10,q_learning,215,11,17,10.19,678,1.07,469.74
2026-07-01 23:09:10,q_learning,216,8,17,10.16,312,0.48,470.23
2026-07-01 23:09:11,q_learning,217,11,17,10.17,633,1.0,471.25
2026-07-01 23:09:12,q_learning,218,10,17,10.16,522,0.83,472.09
2026-07-01 23:09:13,q_learning,219,10,17,10.18,778,1.23,473.33
2026-07-01 23:09:15,q_learning,220,12,17,10.18,763,1.21,474.55
2026-07-01 23:09:16,q_learning,221,18,18,10.26,1027,1.63,476.2
2026-07-01 23:09:17,q_learning,222,7,18,10.2,473,0.73,476.94
2026-07-01 23:09:18,q_learning,223,13,18,10.19,955,1.54,478.5
2026-07-01 23:09:20,q_learning,224,16,18,10.27,662,1.06,479.57
2026-07-01 23:09:20,q_learning,225,10,18,10.27,535,0.83,480.41
2026-07-01 23:09:21,q_learning,226,7,18,10.24,404,0.63,481.05
2026-07-01 23:09:22,q_learning,227,10,18,10.25,790,1.25,482.31
2026-07-01 23:09:23,q_learning,228,8,18,10.25,406,0.62,482.95
2026-07-01 23:09:24,q_learning,229,14,18,10.32,790,1.24,484.21
2026-07-01 23:09:25,q_learning,230,15,18,10.37,675,1.09,485.31
2026-07-01 23:09:26,q_learning,231,14,18,10.38,472,0.73,486.05
2026-07-01 23:09:28,q_learning,232,15,18,10.43,1058,1.68,487.74
2026-07-01 23:09:29,q_learning,233,12,18,10.43,776,1.25,489.0
2026-07-01 23:09:30,q_learning,234,14,18,10.42,919,1.46,490.48
2026-07-01 23:09:32,q_learning,235,22,22,10.55,881,1.42,491.91
2026-07-01 23:09:32,q_learning,236,5,22,10.49,227,0.36,492.28
2026-07-01 23:09:34,q_learning,237,16,22,10.54,807,1.28,493.58
2026-07-01 23:09:35,q_learning,238,17,22,10.61,699,1.1,494.69
2026-07-01 23:09:36,q_learning,239,11,22,10.67,583,0.92,495.62
2026-07-01 23:09:37,q_learning,240,9,22,10.72,623,0.98,496.61
2026-07-01 23:09:38,q_learning,241,17,22,10.81,813,1.3,497.92
2026-07-01 23:09:39,q_learning,242,12,22,10.83,702,1.11,499.04
2026-07-01 23:09:41,q_learning,243,20,22,10.94,1177,1.88,500.93
2026-07-01 23:09:42,q_learning,244,17,22,11.02,701,1.11,502.05
2026-07-01 23:09:43,q_learning,245,10,22,11.03,599,0.96,503.02
2026-07-01 23:09:44,q_learning,246,10,22,10.99,374,0.59,503.62
2026-07-01 23:09:44,q_learning,247,10,22,11.01,448,0.7,504.33
2026-07-01 23:09:46,q_learning,248,15,22,11.06,750,1.19,505.53
2026-07-01 23:09:47,q_learning,249,11,22,11.06,745,1.19,506.73
2026-07-01 23:09:48,q_learning,250,12,22,11.11,528,0.82,507.57
2026-07-01 23:09:49,q_learning,251,16,22,11.15,1088,1.73,509.31
2026-07-01 23:09:50,q_learning,252,8,22,11.15,476,0.74,510.06
2026-07-01 23:09:51,q_learning,253,4,22,11.1,370,0.58,510.66
2026-07-01 23:09:52,q_learning,254,15,22,11.17,566,0.9,511.57
2026-07-01 23:09:52,q_learning,255,14,22,11.22,499,0.8,512.38
2026-07-01 23:09:54,q_learning,256,14,22,11.28,889,1.39,513.78
2026-07-01 23:09:56,q_learning,257,16,22,11.35,1094,1.75,515.54
2026-07-01 23:09:56,q_learning,258,11,22,11.36,320,0.5,516.05
2026-07-01 23:09:57,q_learning,259,9,22,11.37,503,0.79,516.85
2026-07-01 23:09:58,q_learning,260,12,22,11.37,604,0.95,517.82
2026-07-01 23:09:59,q_learning,261,12,22,11.41,560,0.89,518.71
2026-07-01 23:10:00,q_learning,262,16,22,11.44,707,1.15,519.88
2026-07-01 23:10:01,q_learning,263,8,22,11.42,483,0.78,520.68
2026-07-01 23:10:02,q_learning,264,12,22,11.42,787,1.26,521.95
2026-07-01 23:10:03,q_learning,265,16,22,11.5,888,1.43,523.39
2026-07-01 23:10:05,q_learning,266,18,22,11.61,1093,1.76,525.16
2026-07-01 23:10:06,q_learning,267,10,22,11.6,559,0.87,526.05
2026-07-01 23:10:07,q_learning,268,6,22,11.58,340,0.55,526.61
2026-07-01 23:10:08,q_learning,269,17,22,11.6,694,1.46,528.08
2026-07-01 23:10:09,q_learning,270,15,22,11.64,769,1.25,529.35
2026-07-01 23:10:11,q_learning,271,15,22,11.68,855,1.36,530.71
2026-07-01 23:10:11,q_learning,272,4,22,11.61,377,0.59,531.31
2026-07-01 23:10:12,q_learning,273,10,22,11.62,573,0.9,532.22
2026-07-01 23:10:13,q_learning,274,7,22,11.58,385,0.6,532.83
2026-07-01 23:10:13,q_learning,275,7,22,11.58,189,0.29,533.14
2026-07-01 23:10:14,q_learning,276,7,22,11.52,342,0.54,533.69
2026-07-01 23:10:15,q_learning,277,9,22,11.5,662,1.05,534.75
2026-07-01 23:10:15,q_learning,278,8,22,11.5,261,0.4,535.16
2026-07-01 23:10:16,q_learning,279,12,22,11.49,742,1.16,536.33
2026-07-01 23:10:17,q_learning,280,10,22,11.47,612,0.95,537.29
2026-07-01 23:10:19,q_learning,281,19,22,11.57,966,1.53,538.83
2026-07-01 23:10:19,q_learning,282,11,22,11.6,394,0.63,539.48
2026-07-01 23:10:20,q_learning,283,12,22,11.6,590,0.94,540.43
2026-07-01 23:10:21,q_learning,284,13,22,11.61,607,0.96,541.4
2026-07-01 23:10:23,q_learning,285,19,22,11.68,916,1.48,542.89
2026-07-01 23:10:24,q_learning,286,14,22,11.73,606,0.98,543.88
2026-07-01 23:10:25,q_learning,287,8,22,11.76,413,0.66,544.55
2026-07-01 23:10:26,q_learning,288,25,25,11.93,1107,1.78,546.34
2026-07-01 23:10:27,q_learning,289,14,25,11.98,528,0.83,547.18
2026-07-01 23:10:28,q_learning,290,13,25,11.97,512,0.81,548.0
2026-07-01 23:10:29,q_learning,291,15,25,12.01,701,1.12,549.13
2026-07-01 23:10:31,q_learning,292,15,25,12.07,927,1.46,550.6
2026-07-01 23:10:31,q_learning,293,11,25,12.09,519,0.81,551.42
2026-07-01 23:10:33,q_learning,294,19,25,12.2,1158,1.87,553.31
2026-07-01 23:10:34,q_learning,295,17,25,12.24,543,0.87,554.19
2026-07-01 23:10:35,q_learning,296,7,25,12.15,400,0.65,554.86
2026-07-01 23:10:36,q_learning,297,14,25,12.13,660,1.04,555.91
2026-07-01 23:10:37,q_learning,298,12,25,12.13,606,0.96,556.88
2026-07-01 23:10:38,q_learning,299,8,25,12.07,413,0.65,557.54
2026-07-01 23:10:38,q_learning,300,6,25,12.03,359,0.57,558.12
2026-07-01 23:10:40,q_learning,301,30,30,12.16,1064,1.76,559.89
2026-07-01 23:10:41,q_learning,302,8,30,12.16,457,0.71,560.61
2026-07-01 23:10:42,q_learning,303,18,30,12.22,664,1.09,561.71
2026-07-01 23:10:43,q_learning,304,22,30,12.34,848,1.36,563.08
2026-07-01 23:10:44,q_learning,305,9,30,12.34,455,0.72,563.8
2026-07-01 23:10:45,q_learning,306,8,30,12.33,587,0.93,564.74
2026-07-01 23:10:46,q_learning,307,20,30,12.42,747,1.2,565.96
2026-07-01 23:10:47,q_learning,308,6,30,12.37,597,0.92,566.89
2026-07-01 23:10:48,q_learning,309,7,30,12.34,438,0.68,567.58
2026-07-01 23:10:48,q_learning,310,12,30,12.29,399,0.63,568.22
2026-07-01 23:10:50,q_learning,311,18,30,12.41,1080,1.73,569.96
2026-07-01 23:10:51,q_learning,312,9,30,12.42,560,0.91,570.88
2026-07-01 23:10:52,q_learning,313,19,30,12.53,751,1.19,572.08
2026-07-01 23:10:53,q_learning,314,18,30,12.63,850,1.37,573.46
2026-07-01 23:10:54,q_learning,315,8,30,12.6,456,0.72,574.19
2026-07-01 23:10:55,q_learning,316,19,30,12.71,574,0.93,575.13
2026-07-01 23:10:56,q_learning,317,9,30,12.69,395,0.62,575.76
2026-07-01 23:10:57,q_learning,318,16,30,12.75,740,1.17,576.94
2026-07-01 23:10:58,q_learning,319,9,30,12.74,443,0.69,577.64
2026-07-01 23:10:58,q_learning,320,13,30,12.75,430,0.68,578.33
2026-07-01 23:10:59,q_learning,321,11,30,12.68,451,0.7,579.04
2026-07-01 23:11:00,q_learning,322,16,30,12.77,667,1.05,580.1
2026-07-01 23:11:01,q_learning,323,9,30,12.73,350,0.55,580.66
2026-07-01 23:11:02,q_learning,324,14,30,12.71,612,0.97,581.64
2026-07-01 23:11:03,q_learning,325,18,30,12.79,622,1.0,582.66
2026-07-01 23:11:04,q_learning,326,14,30,12.86,771,1.22,583.89
2026-07-01 23:11:05,q_learning,327,16,30,12.92,552,0.88,584.79
2026-07-01 23:11:06,q_learning,328,13,30,12.97,609,0.96,585.76
2026-07-01 23:11:07,q_learning,329,16,30,12.99,666,1.04,586.81
2026-07-01 23:11:08,q_learning,330,22,30,13.06,1034,1.68,588.5
2026-07-01 23:11:09,q_learning,331,10,30,13.02,531,0.84,589.35
2026-07-01 23:11:10,q_learning,332,15,30,13.02,712,1.13,590.49
2026-07-01 23:11:11,q_learning,333,8,30,12.98,262,0.4,590.9
2026-07-01 23:11:12,q_learning,334,15,30,12.99,498,0.79,591.71
2026-07-01 23:11:13,q_learning,335,15,30,12.92,610,0.96,592.68
2026-07-01 23:11:13,q_learning,336,13,30,13.0,490,0.78,593.46
2026-07-01 23:11:15,q_learning,337,18,30,13.02,808,1.29,594.76
2026-07-01 23:11:16,q_learning,338,16,30,13.01,649,1.03,595.81
2026-07-01 23:11:17,q_learning,339,12,30,13.02,503,0.79,596.61
2026-07-01 23:11:17,q_learning,340,9,30,13.02,337,0.54,597.15
2026-07-01 23:11:18,q_learning,341,13,30,12.98,624,0.99,598.16
2026-07-01 23:11:19,q_learning,342,9,30,12.95,382,0.59,598.76
2026-07-01 23:11:19,q_learning,343,12,30,12.87,438,0.69,599.47
2026-07-01 23:11:20,q_learning,344,14,30,12.84,626,0.99,600.46
2026-07-01 23:11:21,q_learning,345,7,30,12.81,414,0.65,601.13
2026-07-01 23:11:22,q_learning,346,12,30,12.83,508,0.8,601.94
2026-07-01 23:11:23,q_learning,347,16,30,12.89,773,1.23,603.17
2026-07-01 23:11:24,q_learning,348,16,30,12.9,665,1.08,604.26
2026-07-01 23:11:25,q_learning,349,13,30,12.92,658,1.06,605.33
2026-07-01 23:11:26,q_learning,350,12,30,12.92,429,0.69,606.03
2026-07-01 23:11:27,q_learning,351,14,30,12.9,706,1.11,607.15
2026-07-01 23:11:28,q_learning,352,14,30,12.96,675,1.06,608.23
2026-07-01 23:11:29,q_learning,353,9,30,13.01,421,0.66,608.9
2026-07-01 23:11:30,q_learning,354,10,30,12.96,582,0.93,609.84
2026-07-01 23:11:30,q_learning,355,8,30,12.9,342,0.55,610.39
2026-07-01 23:11:31,q_learning,356,13,30,12.89,568,0.9,611.3
2026-07-01 23:11:33,q_learning,357,23,30,12.96,1000,1.58,612.9
2026-07-01 23:11:34,q_learning,358,9,30,12.94,651,1.02,613.93
2026-07-01 23:11:35,q_learning,359,19,30,13.04,897,1.43,615.37
2026-07-01 23:11:36,q_learning,360,12,30,13.04,444,0.69,616.07
2026-07-01 23:11:37,q_learning,361,14,30,13.06,568,0.89,616.98
2026-07-01 23:11:38,q_learning,362,15,30,13.05,466,0.73,617.72
2026-07-01 23:11:39,q_learning,363,10,30,13.07,544,0.85,618.58
2026-07-01 23:11:39,q_learning,364,12,30,13.07,501,0.79,619.38
2026-07-01 23:11:40,q_learning,365,9,30,13.0,451,0.71,620.1
2026-07-01 23:11:42,q_learning,366,17,30,12.99,892,1.42,621.54
2026-07-01 23:11:42,q_learning,367,11,30,13.0,616,0.96,622.51
2026-07-01 23:11:44,q_learning,368,18,30,13.12,1009,1.63,624.15
2026-07-01 23:11:45,q_learning,369,20,30,13.15,764,1.26,625.42
2026-07-01 23:11:46,q_learning,370,15,30,13.15,664,1.05,626.49
2026-07-01 23:11:48,q_learning,371,17,30,13.17,670,1.06,627.56
2026-07-01 23:11:48,q_learning,372,9,30,13.22,291,0.46,628.03
2026-07-01 23:11:49,q_learning,373,20,30,13.32,762,1.23,629.27
2026-07-01 23:11:50,q_learning,374,6,30,13.31,370,0.58,629.87
2026-07-01 23:11:51,q_learning,375,25,30,13.49,922,1.51,631.39
2026-07-01 23:11:52,q_learning,376,12,30,13.54,559,0.88,632.28
2026-07-01 23:11:53,q_learning,377,11,30,13.56,728,1.17,633.46
2026-07-01 23:11:54,q_learning,378,10,30,13.58,418,0.66,634.13
2026-07-01 23:11:55,q_learning,379,7,30,13.53,394,0.64,634.78
2026-07-01 23:11:55,q_learning,380,10,30,13.53,388,0.61,635.41
2026-07-01 23:11:57,q_learning,381,17,30,13.51,734,1.16,636.58
2026-07-01 23:11:57,q_learning,382,6,30,13.46,155,0.24,636.84
2026-07-01 23:11:58,q_learning,383,18,30,13.52,742,1.18,638.03
2026-07-01 23:11:59,q_learning,384,16,30,13.55,771,1.26,639.3
2026-07-01 23:12:00,q_learning,385,15,30,13.51,512,0.81,640.12
2026-07-01 23:12:00,q_learning,386,4,30,13.41,235,0.37,640.5
2026-07-01 23:12:01,q_learning,387,15,30,13.48,608,0.96,641.47
2026-07-01 23:12:03,q_learning,388,29,30,13.52,885,1.45,642.93
2026-07-01 23:12:04,q_learning,389,16,30,13.54,577,0.94,643.88
2026-07-01 23:12:05,q_learning,390,14,30,13.55,582,0.92,644.81
2026-07-01 23:12:05,q_learning,391,9,30,13.49,408,0.64,645.46
2026-07-01 23:12:07,q_learning,392,15,30,13.49,653,1.05,646.53
2026-07-01 23:12:08,q_learning,393,16,30,13.54,823,1.32,647.86
2026-07-01 23:12:09,q_learning,394,11,30,13.46,511,0.81,648.68
2026-07-01 23:12:10,q_learning,395,11,30,13.4,523,0.83,649.52
2026-07-01 23:12:10,q_learning,396,9,30,13.42,454,0.72,650.25
2026-07-01 23:12:12,q_learning,397,23,30,13.51,1141,1.83,652.1
2026-07-01 23:12:13,q_learning,398,8,30,13.47,600,0.97,653.08
2026-07-01 23:12:14,q_learning,399,17,30,13.56,601,0.96,654.05
2026-07-01 23:12:15,q_learning,400,9,30,13.59,336,0.53,654.59
2026-07-01 23:12:15,q_learning,401,11,30,13.4,446,0.71,655.31
2026-07-01 23:12:16,q_learning,402,12,30,13.44,518,0.81,656.14
2026-07-01 23:12:17,q_learning,403,16,30,13.42,409,0.65,656.8
2026-07-01 23:12:18,q_learning,404,18,30,13.38,724,1.15,657.96
2026-07-01 23:12:19,q_learning,405,12,30,13.41,639,1.01,658.99
2026-07-01 23:12:20,q_learning,406,26,30,13.59,817,1.33,660.33
2026-07-01 23:12:21,q_learning,407,11,30,13.5,453,0.72,661.06
2026-07-01 23:12:22,q_learning,408,21,30,13.65,852,1.38,662.46
2026-07-01 23:12:23,q_learning,409,10,30,13.68,362,0.57,663.03
2026-07-01 23:12:24,q_learning,410,17,30,13.73,641,1.03,664.08
2026-07-01 23:12:25,q_learning,411,14,30,13.69,446,0.71,664.8
2026-07-01 23:12:26,q_learning,412,11,30,13.71,483,0.76,665.57
2026-07-01 23:12:27,q_learning,413,16,30,13.68,845,1.37,666.95
2026-07-01 23:12:27,q_learning,414,8,30,13.58,293,0.46,667.42
2026-07-01 23:12:29,q_learning,415,22,30,13.72,749,1.22,668.65
2026-07-01 23:12:30,q_learning,416,14,30,13.67,595,0.95,669.61
2026-07-01 23:12:30,q_learning,417,7,30,13.65,376,0.59,670.22
2026-07-01 23:12:31,q_learning,418,11,30,13.6,438,0.69,670.92
2026-07-01 23:12:32,q_learning,419,24,30,13.75,929,1.53,672.46
2026-07-01 23:12:33,q_learning,420,15,30,13.77,517,0.81,673.28
2026-07-01 23:12:34,q_learning,421,14,30,13.8,277,0.45,673.74
2026-07-01 23:12:34,q_learning,422,14,30,13.78,426,0.7,674.45
2026-07-01 23:12:35,q_learning,423,8,30,13.77,466,0.74,675.21
2026-07-01 23:12:37,q_learning,424,21,30,13.84,826,1.31,676.52
2026-07-01 23:12:37,q_learning,425,13,30,13.79,556,0.88,677.42
2026-07-01 23:12:38,q_learning,426,12,30,13.77,569,0.92,678.35
2026-07-01 23:12:39,q_learning,427,14,30,13.75,409,0.64,679.0
2026-07-01 23:12:40,q_learning,428,17,30,13.79,430,0.69,679.71
2026-07-01 23:12:40,q_learning,429,13,30,13.76,450,0.71,680.43
2026-07-01 23:12:42,q_learning,430,18,30,13.72,812,1.3,681.74
2026-07-01 23:12:43,q_learning,431,15,30,13.77,727,1.18,682.93
2026-07-01 23:12:44,q_learning,432,14,30,13.76,588,0.95,683.89
2026-07-01 23:12:45,q_learning,433,10,30,13.78,488,0.76,684.67
2026-07-01 23:12:46,q_learning,434,15,30,13.78,675,1.07,685.75
2026-07-01 23:12:47,q_learning,435,9,30,13.72,512,0.81,686.57
2026-07-01 23:12:47,q_learning,436,15,30,13.74,541,0.86,687.44
2026-07-01 23:12:48,q_learning,437,15,30,13.71,419,0.67,688.12
2026-07-01 23:12:49,q_learning,438,12,30,13.67,383,0.6,688.74
2026-07-01 23:12:50,q_learning,439,14,30,13.69,492,0.78,689.54
2026-07-01 23:12:51,q_learning,440,25,30,13.85,614,0.99,690.54
2026-07-01 23:12:51,q_learning,441,20,30,13.92,393,0.64,691.18
2026-07-01 23:12:53,q_learning,442,23,30,14.06,1050,1.7,692.89
2026-07-01 23:12:54,q_learning,443,16,30,14.1,902,1.45,694.36
2026-07-01 23:12:55,q_learning,444,15,30,14.11,594,0.97,695.34
2026-07-01 23:12:56,q_learning,445,13,30,14.17,504,0.82,696.17
2026-07-01 23:12:57,q_learning,446,9,30,14.14,453,0.71,696.89
2026-07-01 23:12:58,q_learning,447,18,30,14.16,723,1.17,698.07
2026-07-01 23:12:59,q_learning,448,12,30,14.12,430,0.69,698.77
2026-07-01 23:13:00,q_learning,449,13,30,14.12,622,0.99,699.77
2026-07-01 23:13:01,q_learning,450,28,30,14.28,1016,1.66,701.44
2026-07-01 23:13:03,q_learning,451,20,30,14.34,821,1.34,702.79
2026-07-01 23:13:04,q_learning,452,23,30,14.43,736,1.18,703.98
2026-07-01 23:13:05,q_learning,453,11,30,14.45,453,0.71,704.7
2026-07-01 23:13:05,q_learning,454,10,30,14.45,400,0.63,705.34
2026-07-01 23:13:06,q_learning,455,9,30,14.46,291,0.45,705.8
2026-07-01 23:13:06,q_learning,456,10,30,14.43,395,0.62,706.43
2026-07-01 23:13:08,q_learning,457,29,30,14.49,1030,1.68,708.12
2026-07-01 23:13:09,q_learning,458,20,30,14.6,731,1.2,709.33
2026-07-01 23:13:10,q_learning,459,15,30,14.56,563,0.9,710.25
2026-07-01 23:13:11,q_learning,460,13,30,14.57,400,0.63,710.89
2026-07-01 23:13:12,q_learning,461,30,30,14.73,897,1.49,712.39
2026-07-01 23:13:14,q_learning,462,38,38,14.96,1057,1.79,714.19
2026-07-01 23:13:16,q_learning,463,22,38,15.08,1018,1.66,715.86
2026-07-01 23:13:17,q_learning,464,15,38,15.11,464,0.75,716.62
2026-07-01 23:13:18,q_learning,465,24,38,15.26,901,1.47,718.1
2026-07-01 23:13:19,q_learning,466,8,38,15.17,388,0.61,718.72
2026-07-01 23:13:20,q_learning,467,15,38,15.21,799,1.29,720.02
2026-07-01 23:13:21,q_learning,468,9,38,15.12,441,0.71,720.74
2026-07-01 23:13:22,q_learning,469,19,38,15.11,682,1.12,721.86
2026-07-01 23:13:23,q_learning,470,11,38,15.07,580,0.93,722.8
2026-07-01 23:13:23,q_learning,471,10,38,15.0,352,0.56,723.38
2026-07-01 23:13:24,q_learning,472,10,38,15.01,350,0.55,723.94
2026-07-01 23:13:25,q_learning,473,13,38,14.94,569,0.9,724.86
2026-07-01 23:13:26,q_learning,474,22,38,15.1,744,1.22,726.09
2026-07-01 23:13:27,q_learning,475,19,38,15.04,839,1.34,727.45
2026-07-01 23:13:28,q_learning,476,15,38,15.07,426,0.67,728.13
2026-07-01 23:13:29,q_learning,477,22,38,15.18,639,1.02,729.17
2026-07-01 23:13:30,q_learning,478,19,38,15.27,500,0.8,729.98
2026-07-01 23:13:31,q_learning,479,20,38,15.4,761,1.22,731.21
2026-07-01 23:13:32,q_learning,480,11,38,15.41,502,0.78,732.0
2026-07-01 23:13:33,q_learning,481,29,38,15.53,692,1.15,733.17
2026-07-01 23:13:35,q_learning,482,23,38,15.7,1173,1.91,735.09
2026-07-01 23:13:36,q_learning,483,12,38,15.64,519,0.82,735.92
2026-07-01 23:13:37,q_learning,484,14,38,15.62,506,0.8,736.74
2026-07-01 23:13:37,q_learning,485,11,38,15.58,275,0.43,737.18
2026-07-01 23:13:38,q_learning,486,22,38,15.76,686,1.11,738.3
2026-07-01 23:13:39,q_learning,487,16,38,15.77,512,0.82,739.13
2026-07-01 23:13:40,q_learning,488,13,38,15.61,480,0.76,739.9
2026-07-01 23:13:41,q_learning,489,19,38,15.64,660,1.07,740.97
2026-07-01 23:13:42,q_learning,490,26,38,15.76,937,1.51,742.5
2026-07-01 23:13:44,q_learning,491,25,38,15.92,843,1.36,743.87
2026-07-01 23:13:45,q_learning,492,20,38,15.97,530,0.85,744.73
2026-07-01 23:13:45,q_learning,493,11,38,15.92,407,0.65,745.4
2026-07-01 23:13:46,q_learning,494,11,38,15.92,400,0.63,746.04
2026-07-01 23:13:47,q_learning,495,9,38,15.9,423,0.66,746.71
2026-07-01 23:13:48,q_learning,496,18,38,15.99,548,0.87,747.59
2026-07-01 23:13:49,q_learning,497,24,38,16.0,862,1.41,749.01
2026-07-01 23:13:50,q_learning,498,22,38,16.14,774,1.28,750.31
2026-07-01 23:13:51,q_learning,499,14,38,16.11,611,0.99,751.31
2026-07-01 23:13:52,q_learning,500,11,38,16.13,337,0.53,751.85
2026-07-01 23:13:53,q_learning,501,12,38,16.14,514,0.82,752.69
2026-07-01 23:13:53,q_learning,502,13,38,16.15,469,0.75,753.45
2026-07-01 23:13:54,q_learning,503,15,38,16.14,444,0.7,754.16
2026-07-01 23:13:56,q_learning,504,27,38,16.23,875,1.42,755.6
2026-07-01 23:13:56,q_learning,505,8,38,16.19,143,0.22,755.83
2026-07-01 23:13:56,q_learning,506,10,38,16.03,380,0.6,756.44
2026-07-01 23:13:57,q_learning,507,22,38,16.14,621,1.03,757.48
2026-07-01 23:13:58,q_learning,508,8,38,16.01,226,0.35,757.85
2026-07-01 23:13:59,q_learning,509,25,38,16.16,846,1.37,759.23
2026-07-01 23:14:00,q_learning,510,12,38,16.11,552,0.87,760.11
2026-07-01 23:14:02,q_learning,511,28,38,16.25,1085,1.78,761.91
2026-07-01 23:14:02,q_learning,512,15,38,16.29,294,0.48,762.4
2026-07-01 23:14:04,q_learning,513,19,38,16.32,755,1.22,763.63
2026-07-01 23:14:05,q_learning,514,17,38,16.41,584,0.94,764.58
2026-07-01 23:14:05,q_learning,515,13,38,16.32,430,0.69,765.28
2026-07-01 23:14:07,q_learning,516,30,38,16.48,1116,1.84,767.13
2026-07-01 23:14:08,q_learning,517,13,38,16.54,770,1.24,768.38
2026-07-01 23:14:09,q_learning,518,15,38,16.58,669,1.06,769.46
2026-07-01 23:14:10,q_learning,519,16,38,16.5,621,0.98,770.45
2026-07-01 23:14:11,q_learning,520,17,38,16.52,653,1.04,771.51
2026-07-01 23:14:12,q_learning,521,12,38,16.5,358,0.57,772.09
2026-07-01 23:14:13,q_learning,522,23,38,16.59,743,1.24,773.34
2026-07-01 23:14:14,q_learning,523,8,38,16.59,345,0.54,773.89
2026-07-01 23:14:15,q_learning,524,23,38,16.61,933,1.53,775.43
2026-07-01 23:14:16,q_learning,525,14,38,16.62,585,0.94,776.37
2026-07-01 23:14:17,q_learning,526,14,38,16.64,649,1.05,777.43
2026-07-01 23:14:18,q_learning,527,13,38,16.63,473,0.76,778.2
2026-07-01 23:14:19,q_learning,528,17,38,16.63,610,1.01,779.23
2026-07-01 23:14:20,q_learning,529,14,38,16.64,428,0.68,779.91
2026-07-01 23:14:21,q_learning,530,11,38,16.57,369,0.59,780.52
2026-07-01 23:14:22,q_learning,531,17,38,16.59,727,1.16,781.68
2026-07-01 23:14:23,q_learning,532,27,38,16.72,724,1.2,782.9
2026-07-01 23:14:23,q_learning,533,13,38,16.75,316,0.5,783.41
2026-07-01 23:14:24,q_learning,534,15,38,16.75,539,0.86,784.28
2026-07-01 23:14:25,q_learning,535,10,38,16.76,297,0.47,784.76
2026-07-01 23:14:26,q_learning,536,21,38,16.82,685,1.12,785.89
2026-07-01 23:14:27,q_learning,537,21,38,16.88,424,0.69,786.59
2026-07-01 23:14:27,q_learning,538,6,38,16.82,245,0.39,786.99
2026-07-01 23:14:28,q_learning,539,11,38,16.79,429,0.69,787.68
2026-07-01 23:14:28,q_learning,540,11,38,16.65,326,0.52,788.21
2026-07-01 23:14:29,q_learning,541,10,38,16.55,256,0.4,788.63
2026-07-01 23:14:30,q_learning,542,15,38,16.47,634,1.03,789.67
2026-07-01 23:14:30,q_learning,543,16,38,16.47,433,0.69,790.36
2026-07-01 23:14:31,q_learning,544,7,38,16.39,311,0.5,790.87
2026-07-01 23:14:32,q_learning,545,17,38,16.43,580,0.93,791.81
2026-07-01 23:14:33,q_learning,546,20,38,16.54,790,1.27,793.09
2026-07-01 23:14:34,q_learning,547,13,38,16.49,334,0.53,793.63
2026-07-01 23:14:34,q_learning,548,12,38,16.49,218,0.35,793.99
2026-07-01 23:14:35,q_learning,549,23,38,16.59,725,1.21,795.22
2026-07-01 23:14:37,q_learning,550,30,38,16.61,786,1.32,796.55
2026-07-01 23:14:37,q_learning,551,10,38,16.51,510,0.8,797.36
2026-07-01 23:14:39,q_learning,552,25,38,16.53,1030,1.67,799.04
2026-07-01 23:14:40,q_learning,553,18,38,16.6,580,0.93,799.98
2026-07-01 23:14:41,q_learning,554,12,38,16.62,480,0.76,800.76
2026-07-01 23:14:41,q_learning,555,10,38,16.63,396,0.62,801.39
2026-07-01 23:14:43,q_learning,556,23,38,16.76,1060,1.76,803.16
2026-07-01 23:14:44,q_learning,557,9,38,16.56,230,0.36,803.53
2026-07-01 23:14:44,q_learning,558,13,38,16.49,553,0.89,804.43
2026-07-01 23:14:45,q_learning,559,14,38,16.48,437,0.69,805.13
2026-07-01 23:14:46,q_learning,560,12,38,16.47,421,0.66,805.81
2026-07-01 23:14:47,q_learning,561,14,38,16.31,558,0.9,806.72
2026-07-01 23:14:48,q_learning,562,19,38,16.12,532,0.87,807.6
2026-07-01 23:14:48,q_learning,563,14,38,16.04,513,0.82,808.43
2026-07-01 23:14:50,q_learning,564,23,38,16.12,701,1.14,809.58
2026-07-01 23:14:50,q_learning,565,12,38,16.0,339,0.53,810.12
2026-07-01 23:14:51,q_learning,566,23,38,16.15,725,1.21,811.35
2026-07-01 23:14:52,q_learning,567,17,38,16.17,528,0.84,812.2
2026-07-01 23:14:53,q_learning,568,14,38,16.22,437,0.7,812.92
2026-07-01 23:14:54,q_learning,569,26,38,16.29,628,1.04,813.96
2026-07-01 23:14:55,q_learning,570,24,38,16.42,694,1.14,815.12
2026-07-01 23:14:56,q_learning,571,14,38,16.46,553,0.9,816.02
2026-07-01 23:14:57,q_learning,572,16,38,16.52,565,0.91,816.95
2026-07-01 23:14:58,q_learning,573,26,38,16.65,743,1.21,818.17
2026-07-01 23:14:59,q_learning,574,10,38,16.53,532,0.83,819.01
2026-07-01 23:15:00,q_learning,575,24,38,16.58,800,1.31,820.33
2026-07-01 23:15:02,q_learning,576,29,38,16.72,703,1.2,821.55
2026-07-01 23:15:02,q_learning,577,14,38,16.64,328,0.53,822.08
2026-07-01 23:15:04,q_learning,578,35,38,16.8,1042,1.74,823.84
2026-07-01 23:15:05,q_learning,579,16,38,16.76,509,0.82,824.67
2026-07-01 23:15:05,q_learning,580,10,38,16.75,496,0.79,825.47
2026-07-01 23:15:06,q_learning,581,14,38,16.6,382,0.61,826.09
2026-07-01 23:15:07,q_learning,582,14,38,16.51,485,0.77,826.87
2026-07-01 23:15:08,q_learning,583,19,38,16.58,653,1.3,828.18
2026-07-01 23:15:09,q_learning,584,11,38,16.55,233,0.42,828.61
2026-07-01 23:15:10,q_learning,585,26,38,16.7,821,1.35,829.98
2026-07-01 23:15:10,q_learning,586,11,38,16.59,218,0.36,830.35
2026-07-01 23:15:12,q_learning,587,22,38,16.65,1060,1.73,832.09
2026-07-01 23:15:13,q_learning,588,13,38,16.65,525,0.84,832.94
2026-07-01 23:15:13,q_learning,589,13,38,16.59,302,0.48,833.44
2026-07-01 23:15:15,q_learning,590,23,38,16.56,928,1.51,834.96
2026-07-01 23:15:17,q_learning,591,29,38,16.6,1069,1.78,836.75
2026-07-01 23:15:17,q_learning,592,16,38,16.56,424,0.67,837.44
2026-07-01 23:15:19,q_learning,593,11,38,16.56,727,1.15,838.6
2026-07-01 23:15:19,q_learning,594,12,38,16.57,558,0.89,839.5
2026-07-01 23:15:20,q_learning,595,12,38,16.6,297,0.47,839.99
2026-07-01 23:15:21,q_learning,596,28,38,16.7,789,1.3,841.3
2026-07-01 23:15:22,q_learning,597,26,38,16.72,640,1.08,842.4
2026-07-01 23:15:23,q_learning,598,25,38,16.75,644,1.05,843.46
2026-07-01 23:15:24,q_learning,599,8,38,16.69,319,0.5,843.97
2026-07-01 23:15:25,q_learning,600,14,38,16.72,469,0.75,844.74
2026-07-01 23:15:25,q_learning,601,10,38,16.7,413,0.65,845.4
2026-07-01 23:15:26,q_learning,602,8,38,16.65,146,0.23,845.64
2026-07-01 23:15:27,q_learning,603,23,38,16.73,747,1.21,846.86
2026-07-01 23:15:28,q_learning,604,15,38,16.61,603,0.97,847.84
2026-07-01 23:15:29,q_learning,605,24,38,16.77,686,1.11,848.97
2026-07-01 23:15:30,q_learning,606,15,38,16.82,501,0.79,849.77
2026-07-01 23:15:32,q_learning,607,32,38,16.92,1218,2.03,851.81
2026-07-01 23:15:34,q_learning,608,30,38,17.14,1053,1.78,853.6
2026-07-01 23:15:34,q_learning,609,16,38,17.05,407,0.66,854.27
2026-07-01 23:15:36,q_learning,610,24,38,17.17,768,1.26,855.54
2026-07-01 23:15:37,q_learning,611,29,38,17.18,824,1.36,856.91
2026-07-01 23:15:38,q_learning,612,25,38,17.28,558,0.91,857.83
2026-07-01 23:15:39,q_learning,613,23,38,17.32,575,0.95,858.79
2026-07-01 23:15:41,q_learning,614,33,38,17.48,1095,1.81,860.61
2026-07-01 23:15:42,q_learning,615,24,38,17.59,716,1.17,861.8
2026-07-01 23:15:43,q_learning,616,27,38,17.56,722,1.18,862.99
2026-07-01 23:15:43,q_learning,617,12,38,17.55,312,0.51,863.51
2026-07-01 23:15:44,q_learning,618,12,38,17.52,479,0.76,864.28
2026-07-01 23:15:46,q_learning,619,42,42,17.78,1039,1.75,866.04
2026-07-01 23:15:47,q_learning,620,29,42,17.9,726,1.21,867.27
2026-07-01 23:15:48,q_learning,621,17,42,17.95,670,1.09,868.36
2026-07-01 23:15:50,q_learning,622,26,42,17.98,1020,1.68,870.06
2026-07-01 23:15:52,q_learning,623,39,42,18.29,996,1.67,871.74
2026-07-01 23:15:52,q_learning,624,12,42,18.18,320,0.51,872.26
2026-07-01 23:15:53,q_learning,625,20,42,18.24,602,0.96,873.24
2026-07-01 23:15:55,q_learning,626,36,42,18.46,1009,1.7,874.95
2026-07-01 23:15:56,q_learning,627,11,42,18.44,451,0.72,875.68
2026-07-01 23:15:57,q_learning,628,25,42,18.52,561,0.92,876.61
2026-07-01 23:15:57,q_learning,629,12,42,18.5,334,0.53,877.14
2026-07-01 23:15:58,q_learning,630,19,42,18.58,536,0.88,878.03
2026-07-01 23:15:59,q_learning,631,24,42,18.65,498,0.87,878.91
2026-07-01 23:16:00,q_learning,632,20,42,18.58,669,1.09,880.02
2026-07-01 23:16:02,q_learning,633,38,42,18.83,1111,1.88,881.91
2026-07-01 23:16:03,q_learning,634,32,42,19.0,939,1.57,883.49
2026-07-01 23:16:05,q_learning,635,24,42,19.14,659,1.1,884.6
2026-07-01 23:16:06,q_learning,636,41,42,19.34,1073,1.81,886.42
2026-07-01 23:16:09,q_learning,637,32,42,19.45,1289,2.16,888.6
2026-07-01 23:16:10,q_learning,638,31,42,19.7,650,1.08,889.69
2026-07-01 23:16:11,q_learning,639,31,42,19.9,761,1.27,890.97
2026-07-01 23:16:12,q_learning,640,16,42,19.95,446,0.72,891.7
2026-07-01 23:16:12,q_learning,641,11,42,19.96,343,0.55,892.25
2026-07-01 23:16:13,q_learning,642,10,42,19.91,238,0.37,892.64
2026-07-01 23:16:13,q_learning,643,14,42,19.89,371,0.58,893.23
2026-07-01 23:16:14,q_learning,644,10,42,19.92,434,0.69,893.94
2026-07-01 23:16:14,q_learning,645,8,42,19.83,199,0.31,894.26
2026-07-01 23:16:15,q_learning,646,22,42,19.85,418,0.69,894.96
2026-07-01 23:16:16,q_learning,647,29,42,20.01,685,1.13,896.09
2026-07-01 23:16:17,q_learning,648,22,42,20.11,581,0.93,897.04
2026-07-01 23:16:18,q_learning,649,9,42,19.97,443,0.71,897.76
2026-07-01 23:16:19,q_learning,650,28,42,19.95,754,1.26,899.03
2026-07-01 23:16:20,q_learning,651,26,42,20.11,627,1.01,900.06
2026-07-01 23:16:21,q_learning,652,24,42,20.1,676,1.1,901.17
2026-07-01 23:16:22,q_learning,653,25,42,20.17,772,1.27,902.45
2026-07-01 23:16:23,q_learning,654,12,42,20.17,450,0.72,903.17
2026-07-01 23:16:24,q_learning,655,11,42,20.18,450,0.71,903.89
2026-07-01 23:16:25,q_learning,656,29,42,20.24,935,1.58,905.48
2026-07-01 23:16:27,q_learning,657,37,42,20.52,1191,2.01,907.5
2026-07-01 23:16:28,q_learning,658,20,42,20.59,566,0.92,908.44
2026-07-01 23:16:30,q_learning,659,14,42,20.59,705,1.13,909.58
2026-07-01 23:16:30,q_learning,660,19,42,20.66,452,0.72,910.31
2026-07-01 23:16:31,q_learning,661,16,42,20.68,529,0.85,911.17
2026-07-01 23:16:32,q_learning,662,22,42,20.71,508,0.82,912.0
2026-07-01 23:16:33,q_learning,663,12,42,20.69,516,0.84,912.85
2026-07-01 23:16:33,q_learning,664,8,42,20.54,209,0.33,913.19
2026-07-01 23:16:34,q_learning,665,15,42,20.57,429,0.69,913.9
2026-07-01 23:16:34,q_learning,666,13,42,20.47,301,0.47,914.38
2026-07-01 23:16:35,q_learning,667,21,42,20.51,608,0.99,915.38
2026-07-01 23:16:37,q_learning,668,31,42,20.68,889,1.47,916.87
2026-07-01 23:16:39,q_learning,669,47,47,20.89,1149,2.24,919.12
2026-07-01 23:16:40,q_learning,670,24,47,20.89,627,1.06,920.19
2026-07-01 23:16:42,q_learning,671,44,47,21.19,1159,1.95,922.14
2026-07-01 23:16:43,q_learning,672,10,47,21.13,284,0.45,922.61
2026-07-01 23:16:44,q_learning,673,11,47,20.98,635,1.02,923.64
2026-07-01 23:16:44,q_learning,674,24,47,21.12,471,0.78,924.43
2026-07-01 23:16:45,q_learning,675,21,47,21.09,494,0.81,925.25
2026-07-01 23:16:46,q_learning,676,14,47,20.94,565,0.89,926.15
2026-07-01 23:16:47,q_learning,677,22,47,21.02,698,1.12,927.28
2026-07-01 23:16:48,q_learning,678,22,47,20.89,505,0.82,928.11
2026-07-01 23:16:49,q_learning,679,11,47,20.84,418,0.69,928.81
2026-07-01 23:16:50,q_learning,680,25,47,20.99,700,1.13,929.95
2026-07-01 23:16:51,q_learning,681,20,47,21.05,737,1.19,931.15
2026-07-01 23:16:53,q_learning,682,27,47,21.18,882,1.44,932.6
2026-07-01 23:16:54,q_learning,683,30,47,21.29,636,1.05,933.66
2026-07-01 23:16:56,q_learning,684,43,47,21.61,1162,1.93,935.6
2026-07-01 23:16:57,q_learning,685,26,47,21.61,950,1.56,937.16
2026-07-01 23:16:58,q_learning,686,14,47,21.64,477,0.76,937.93
2026-07-01 23:16:59,q_learning,687,22,47,21.64,590,0.95,938.9
2026-07-01 23:17:00,q_learning,688,33,47,21.84,627,1.04,939.95
2026-07-01 23:17:01,q_learning,689,25,47,21.96,595,0.99,940.95
2026-07-01 23:17:02,q_learning,690,20,47,21.93,466,0.74,941.7
2026-07-01 23:17:03,q_learning,691,27,47,21.91,912,1.48,943.19
2026-07-01 23:17:04,q_learning,692,16,47,21.91,579,0.93,944.13
2026-07-01 23:17:05,q_learning,693,20,47,22.0,563,0.91,945.05
2026-07-01 23:17:07,q_learning,694,45,47,22.33,1240,2.12,947.18
2026-07-01 23:17:08,q_learning,695,16,47,22.37,447,0.72,947.91
2026-07-01 23:17:09,q_learning,696,17,47,22.26,606,1.0,948.92
2026-07-01 23:17:11,q_learning,697,31,47,22.31,1123,1.87,950.8
2026-07-01 23:17:12,q_learning,698,39,47,22.45,994,1.65,952.46
2026-07-01 23:17:14,q_learning,699,35,47,22.72,1038,1.74,954.21
2026-07-01 23:17:15,q_learning,700,25,47,22.83,429,0.7,954.92
2026-07-01 23:17:16,q_learning,701,19,47,22.92,418,0.67,955.61
2026-07-01 23:17:16,q_learning,702,12,47,22.96,395,0.62,956.24
2026-07-01 23:17:17,q_learning,703,13,47,22.86,348,0.55,956.8
2026-07-01 23:17:18,q_learning,704,16,47,22.87,489,0.78,957.59
2026-07-01 23:17:18,q_learning,705,8,47,22.71,342,0.54,958.14
2026-07-01 23:17:19,q_learning,706,21,47,22.77,409,0.66,958.81
2026-07-01 23:17:20,q_learning,707,25,47,22.7,688,1.13,959.94
2026-07-01 23:17:21,q_learning,708,24,47,22.64,526,0.84,960.8
2026-07-01 23:17:23,q_learning,709,41,47,22.89,1236,2.06,962.87
2026-07-01 23:17:24,q_learning,710,21,47,22.86,887,1.44,964.33
2026-07-01 23:17:25,q_learning,711,19,47,22.76,551,0.89,965.23
2026-07-01 23:17:26,q_learning,712,20,47,22.71,615,1.0,966.23
2026-07-01 23:17:28,q_learning,713,34,47,22.82,998,1.65,967.9
2026-07-01 23:17:29,q_learning,714,24,47,22.73,621,1.03,968.94
2026-07-01 23:17:31,q_learning,715,41,47,22.9,916,1.57,970.52
2026-07-01 23:17:32,q_learning,716,28,47,22.91,679,1.11,971.64
2026-07-01 23:17:32,q_learning,717,22,47,23.01,529,0.86,972.51
2026-07-01 23:17:34,q_learning,718,21,47,23.1,723,1.19,973.71
2026-07-01 23:17:35,q_learning,719,29,47,22.97,828,1.4,975.12
2026-07-01 23:17:36,q_learning,720,18,47,22.86,528,0.87,975.99
2026-07-01 23:17:37,q_learning,721,24,47,22.93,506,0.81,976.82
2026-07-01 23:17:38,q_learning,722,36,47,23.03,887,1.48,978.31
2026-07-01 23:17:39,q_learning,723,21,47,22.85,605,0.97,979.3
2026-07-01 23:17:40,q_learning,724,20,47,22.93,517,0.83,980.13
2026-07-01 23:17:41,q_learning,725,26,47,22.99,634,1.02,981.16
2026-07-01 23:17:42,q_learning,726,14,47,22.77,457,0.72,981.89
2026-07-01 23:17:43,q_learning,727,21,47,22.87,741,1.2,983.11
2026-07-01 23:17:44,q_learning,728,10,47,22.72,395,0.62,983.73
2026-07-01 23:17:45,q_learning,729,24,47,22.84,634,1.03,984.77
2026-07-01 23:17:45,q_learning,730,10,47,22.75,218,0.34,985.12
2026-07-01 23:17:47,q_learning,731,37,47,22.88,902,1.51,986.64
2026-07-01 23:17:47,q_learning,732,14,47,22.82,337,0.54,987.19
2026-07-01 23:17:48,q_learning,733,14,47,22.58,553,0.89,988.08
2026-07-01 23:17:49,q_learning,734,19,47,22.45,573,0.92,989.02
2026-07-01 23:17:50,q_learning,735,10,47,22.31,459,0.75,989.77
2026-07-01 23:17:51,q_learning,736,24,47,22.14,486,0.78,990.57
2026-07-01 23:17:52,q_learning,737,36,47,22.18,859,1.42,992.0
2026-07-01 23:17:53,q_learning,738,13,47,22.0,490,0.78,992.8
2026-07-01 23:17:55,q_learning,739,40,47,22.09,1125,1.92,994.73
2026-07-01 23:17:55,q_learning,740,11,47,22.04,388,0.64,995.38
2026-07-01 23:17:56,q_learning,741,32,47,22.25,642,1.07,996.46
2026-07-01 23:17:57,q_learning,742,19,47,22.34,419,0.68,997.14
2026-07-01 23:17:58,q_learning,743,22,47,22.42,516,0.83,997.99
2026-07-01 23:17:59,q_learning,744,24,47,22.56,542,0.88,998.88
2026-07-01 23:17:59,q_learning,745,11,47,22.59,284,0.44,999.34
2026-07-01 23:18:00,q_learning,746,16,47,22.53,437,0.69,1000.04
2026-07-01 23:18:00,q_learning,747,10,47,22.34,261,0.42,1000.47
2026-07-01 23:18:02,q_learning,748,25,47,22.37,654,1.06,1001.54
2026-07-01 23:18:02,q_learning,749,16,47,22.44,431,0.69,1002.24
2026-07-01 23:18:04,q_learning,750,33,47,22.49,979,1.61,1003.86
2026-07-01 23:18:05,q_learning,751,22,47,22.45,444,0.7,1004.57
2026-07-01 23:18:05,q_learning,752,18,47,22.39,294,0.48,1005.07
2026-07-01 23:18:06,q_learning,753,26,47,22.4,483,0.78,1005.86
2026-07-01 23:18:07,q_learning,754,20,47,22.48,482,0.78,1006.65
2026-07-01 23:18:07,q_learning,755,10,47,22.47,360,0.57,1007.23
2026-07-01 23:18:08,q_learning,756,18,47,22.36,593,0.95,1008.2
2026-07-01 23:18:09,q_learning,757,12,47,22.11,475,0.76,1008.97
2026-07-01 23:18:09,q_learning,758,5,47,21.96,251,0.39,1009.37
2026-07-01 23:18:10,q_learning,759,13,47,21.95,370,0.59,1009.96
2026-07-01 23:18:11,q_learning,760,23,47,21.99,584,0.97,1010.94
2026-07-01 23:18:12,q_learning,761,16,47,21.99,583,0.94,1011.9
2026-07-01 23:18:13,q_learning,762,13,47,21.9,398,0.62,1012.53
2026-07-01 23:18:13,q_learning,763,13,47,21.91,441,0.69,1013.23
2026-07-01 23:18:14,q_learning,764,29,47,22.12,725,1.19,1014.43
2026-07-01 23:18:15,q_learning,765,24,47,22.21,361,0.58,1015.02
2026-07-01 23:18:17,q_learning,766,34,47,22.42,906,1.51,1016.55
2026-07-01 23:18:18,q_learning,767,29,47,22.5,742,1.24,1017.8
2026-07-01 23:18:19,q_learning,768,21,47,22.4,452,0.73,1018.54
2026-07-01 23:18:20,q_learning,769,33,47,22.26,972,1.64,1020.19
2026-07-01 23:18:22,q_learning,770,37,47,22.39,822,1.37,1021.56
2026-07-01 23:18:23,q_learning,771,32,47,22.27,979,1.63,1023.2
2026-07-01 23:18:24,q_learning,772,15,47,22.32,433,0.68,1023.9
2026-07-01 23:18:25,q_learning,773,17,47,22.38,453,0.72,1024.63
2026-07-01 23:18:26,q_learning,774,22,47,22.36,694,1.13,1025.77
2026-07-01 23:18:27,q_learning,775,27,47,22.42,820,1.34,1027.11
2026-07-01 23:18:28,q_learning,776,13,47,22.41,409,0.64,1027.76
2026-07-01 23:18:28,q_learning,777,14,47,22.33,441,0.71,1028.48
2026-07-01 23:18:29,q_learning,778,19,47,22.3,490,0.77,1029.27
2026-07-01 23:18:30,q_learning,779,18,47,22.37,467,0.74,1030.02
2026-07-01 23:18:31,q_learning,780,16,47,22.28,494,0.78,1030.81
2026-07-01 23:18:31,q_learning,781,12,47,22.2,334,0.53,1031.36
2026-07-01 23:18:32,q_learning,782,20,47,22.13,567,0.92,1032.29
2026-07-01 23:18:33,q_learning,783,17,47,22.0,494,0.81,1033.11
2026-07-01 23:18:34,q_learning,784,15,47,21.72,315,0.5,1033.62
2026-07-01 23:18:34,q_learning,785,22,47,21.68,419,0.67,1034.3
2026-07-01 23:18:35,q_learning,786,20,47,21.74,632,1.02,1035.34
2026-07-01 23:18:36,q_learning,787,13,47,21.65,466,0.74,1036.09
2026-07-01 23:18:37,q_learning,788,17,47,21.49,479,0.76,1036.86
2026-07-01 23:18:38,q_learning,789,32,47,21.56,942,1.55,1038.42
2026-07-01 23:18:39,q_learning,790,18,47,21.54,463,0.74,1039.18
2026-07-01 23:18:41,q_learning,791,33,47,21.6,1023,1.7,1040.88
2026-07-01 23:18:42,q_learning,792,23,47,21.67,409,0.66,1041.55
2026-07-01 23:18:43,q_learning,793,39,47,21.86,837,1.43,1042.99
2026-07-01 23:18:44,q_learning,794,31,47,21.72,758,1.25,1044.26
2026-07-01 23:18:45,q_learning,795,22,47,21.78,656,1.08,1045.35
2026-07-01 23:18:46,q_learning,796,28,47,21.89,609,0.99,1046.36
2026-07-01 23:18:48,q_learning,797,33,47,21.91,935,1.55,1047.92
2026-07-01 23:18:48,q_learning,798,13,47,21.65,281,0.44,1048.37
2026-07-01 23:18:49,q_learning,799,21,47,21.51,621,1.0,1049.38
2026-07-01 23:18:50,q_learning,800,12,47,21.38,494,0.79,1050.18
2026-07-01 23:18:51,q_learning,801,27,47,21.46,654,1.07,1051.26
2026-07-01 23:18:52,q_learning,802,20,47,21.54,517,0.83,1052.1
2026-07-01 23:18:52,q_learning,803,6,47,21.47,230,0.36,1052.47
2026-07-01 23:18:53,q_learning,804,21,47,21.52,558,0.9,1053.38
2026-07-01 23:18:54,q_learning,805,13,47,21.57,468,0.74,1054.13
2026-07-01 23:18:56,q_learning,806,34,47,21.7,978,1.63,1055.77
2026-07-01 23:18:57,q_learning,807,28,47,21.73,748,1.22,1057.01
2026-07-01 23:18:58,q_learning,808,30,47,21.79,789,1.3,1058.31
2026-07-01 23:18:59,q_learning,809,21,47,21.59,434,0.7,1059.02
2026-07-01 23:18:59,q_learning,810,12,47,21.5,275,0.44,1059.47
2026-07-01 23:19:00,q_learning,811,15,47,21.46,377,0.59,1060.08
2026-07-01 23:19:01,q_learning,812,16,47,21.42,507,0.81,1060.9
2026-07-01 23:19:02,q_learning,813,20,47,21.28,497,0.79,1061.7
2026-07-01 23:19:02,q_learning,814,14,47,21.18,432,0.69,1062.4
2026-07-01 23:19:03,q_learning,815,9,47,20.86,303,0.47,1062.88
2026-07-01 23:19:04,q_learning,816,24,47,20.82,801,1.31,1064.2
2026-07-01 23:19:06,q_learning,817,35,47,20.95,1294,2.15,1066.37
2026-07-01 23:19:08,q_learning,818,39,47,21.13,1003,1.71,1068.09
2026-07-01 23:19:09,q_learning,819,15,47,20.99,506,0.82,1068.92
2026-07-01 23:19:09,q_learning,820,9,47,20.9,234,0.38,1069.31
2026-07-01 23:19:10,q_learning,821,23,47,20.89,583,0.94,1070.26
2026-07-01 23:19:11,q_learning,822,16,47,20.69,288,0.46,1070.73
2026-07-01 23:19:11,q_learning,823,9,47,20.57,229,0.35,1071.1
2026-07-01 23:19:12,q_learning,824,16,47,20.53,328,0.52,1071.63
2026-07-01 23:19:12,q_learning,825,16,47,20.43,369,0.59,1072.24
2026-07-01 23:19:14,q_learning,826,28,47,20.57,906,1.48,1073.73
2026-07-01 23:19:15,q_learning,827,16,47,20.52,511,0.83,1074.57
2026-07-01 23:19:15,q_learning,828,18,47,20.6,398,0.65,1075.23
2026-07-01 23:19:17,q_learning,829,37,47,20.73,945,1.55,1076.79
2026-07-01 23:19:17,q_learning,830,12,47,20.75,288,0.46,1077.26
2026-07-01 23:19:19,q_learning,831,46,47,20.84,1163,2.03,1079.3
2026-07-01 23:19:20,q_learning,832,10,47,20.8,401,0.63,1079.94
2026-07-01 23:19:21,q_learning,833,30,47,20.96,653,1.08,1081.04
2026-07-01 23:19:23,q_learning,834,53,53,21.3,1263,2.26,1083.31
2026-07-01 23:19:26,q_learning,835,54,54,21.74,1271,2.27,1085.59
2026-07-01 23:19:27,q_learning,836,29,54,21.79,701,1.18,1086.78
2026-07-01 23:19:29,q_learning,837,50,54,21.93,1182,2.11,1088.9
2026-07-01 23:19:30,q_learning,838,14,54,21.94,400,0.63,1089.54
2026-07-01 23:19:31,q_learning,839,18,54,21.72,660,1.08,1090.64
2026-07-01 23:19:33,q_learning,840,38,54,21.99,1445,2.36,1093.01
2026-07-01 23:19:34,q_learning,841,12,54,21.79,351,0.54,1093.56
2026-07-01 23:19:34,q_learning,842,16,54,21.76,554,0.91,1094.49
2026-07-01 23:19:35,q_learning,843,14,54,21.68,360,0.58,1095.08
2026-07-01 23:19:35,q_learning,844,13,54,21.57,254,0.4,1095.49
2026-07-01 23:19:36,q_learning,845,23,54,21.69,502,0.82,1096.32
2026-07-01 23:19:37,q_learning,846,25,54,21.78,606,1.0,1097.33
2026-07-01 23:19:38,q_learning,847,14,54,21.82,298,0.47,1097.81
2026-07-01 23:19:39,q_learning,848,35,54,21.92,847,1.42,1099.25
2026-07-01 23:19:40,q_learning,849,17,54,21.93,461,0.73,1099.99
2026-07-01 23:19:41,q_learning,850,23,54,21.83,682,1.11,1101.12
2026-07-01 23:19:41,q_learning,851,12,54,21.73,176,0.28,1101.4
2026-07-01 23:19:43,q_learning,852,32,54,21.87,775,1.33,1102.75
2026-07-01 23:19:43,q_learning,853,15,54,21.76,276,0.44,1103.2
2026-07-01 23:19:44,q_learning,854,9,54,21.65,212,0.34,1103.54
2026-07-01 23:19:44,q_learning,855,12,54,21.67,457,0.74,1104.29
2026-07-01 23:19:45,q_learning,856,21,54,21.7,359,0.57,1104.87
2026-07-01 23:19:46,q_learning,857,22,54,21.8,495,0.8,1105.69
2026-07-01 23:19:46,q_learning,858,20,54,21.95,490,0.8,1106.5
2026-07-01 23:19:48,q_learning,859,46,54,22.28,1112,1.88,1108.39
2026-07-01 23:19:49,q_learning,860,22,54,22.27,416,0.7,1109.1
2026-07-01 23:19:50,q_learning,861,26,54,22.37,556,0.92,1110.03
2026-07-01 23:19:51,q_learning,862,36,54,22.6,849,1.45,1111.49
2026-07-01 23:19:53,q_learning,863,29,54,22.76,728,1.19,1112.7
2026-07-01 23:19:54,q_learning,864,37,54,22.84,876,1.46,1114.17
2026-07-01 23:19:56,q_learning,865,39,54,22.99,897,1.49,1115.68
2026-07-01 23:19:56,q_learning,866,5,54,22.7,175,0.28,1115.97
2026-07-01 23:19:58,q_learning,867,48,54,22.89,1328,2.26,1118.24
2026-07-01 23:19:59,q_learning,868,23,54,22.91,392,0.66,1118.91
2026-07-01 23:20:00,q_learning,869,18,54,22.76,418,0.68,1119.59
2026-07-01 23:20:01,q_learning,870,12,54,22.51,605,0.98,1120.58
2026-07-01 23:20:01,q_learning,871,14,54,22.33,492,0.78,1121.37
2026-07-01 23:20:02,q_learning,872,18,54,22.36,650,1.04,1122.43
2026-07-01 23:20:03,q_learning,873,11,54,22.3,449,0.71,1123.15
2026-07-01 23:20:04,q_learning,874,22,54,22.3,498,0.79,1123.95
2026-07-01 23:20:04,q_learning,875,13,54,22.16,217,0.34,1124.3
2026-07-01 23:20:05,q_learning,876,15,54,22.18,531,0.86,1125.18
2026-07-01 23:20:07,q_learning,877,35,54,22.39,1000,1.66,1126.85
2026-07-01 23:20:08,q_learning,878,21,54,22.41,522,0.84,1127.7
2026-07-01 23:20:08,q_learning,879,12,54,22.35,280,0.44,1128.15
2026-07-01 23:20:09,q_learning,880,15,54,22.34,304,0.49,1128.65
2026-07-01 23:20:10,q_learning,881,25,54,22.47,562,0.92,1129.58
2026-07-01 23:20:10,q_learning,882,18,54,22.45,508,0.82,1130.41
2026-07-01 23:20:11,q_learning,883,9,54,22.37,448,0.71,1131.13
2026-07-01 23:20:12,q_learning,884,17,54,22.39,330,0.52,1131.66
2026-07-01 23:20:12,q_learning,885,15,54,22.32,505,0.8,1132.47
2026-07-01 23:20:13,q_learning,886,12,54,22.24,567,0.9,1133.38
2026-07-01 23:20:15,q_learning,887,47,54,22.58,1011,1.73,1135.12
2026-07-01 23:20:16,q_learning,888,26,54,22.67,692,1.13,1136.27
2026-07-01 23:20:17,q_learning,889,20,54,22.55,600,0.99,1137.27
2026-07-01 23:20:18,q_learning,890,12,54,22.49,302,0.48,1137.76
2026-07-01 23:20:19,q_learning,891,37,54,22.53,983,1.64,1139.41
2026-07-01 23:20:20,q_learning,892,21,54,22.51,458,0.74,1140.16
2026-07-01 23:20:21,q_learning,893,29,54,22.41,688,1.16,1141.33
2026-07-01 23:20:23,q_learning,894,34,54,22.44,744,1.23,1142.57
2026-07-01 23:20:24,q_learning,895,30,54,22.52,827,1.37,1143.96
2026-07-01 23:20:25,q_learning,896,30,54,22.54,786,1.3,1145.27
2026-07-01 23:20:27,q_learning,897,36,54,22.57,1023,1.71,1146.99
2026-07-01 23:20:28,q_learning,898,25,54,22.69,413,0.66,1147.67
2026-07-01 23:20:28,q_learning,899,10,54,22.58,212,0.33,1148.02
2026-07-01 23:20:29,q_learning,900,32,54,22.78,737,1.2,1149.23
2026-07-01 23:20:30,q_learning,901,27,54,22.78,575,0.94,1150.18
2026-07-01 23:20:31,q_learning,902,21,54,22.79,582,0.95,1151.14
2026-07-01 23:20:32,q_learning,903,34,54,23.07,798,1.32,1152.47
2026-07-01 23:20:34,q_learning,904,31,54,23.17,820,1.36,1153.84
2026-07-01 23:20:34,q_learning,905,13,54,23.17,219,0.35,1154.2
2026-07-01 23:20:35,q_learning,906,22,54,23.05,472,0.75,1154.96
2026-07-01 23:20:36,q_learning,907,37,54,23.14,913,1.53,1156.5
2026-07-01 23:20:38,q_learning,908,33,54,23.17,741,1.21,1157.73
2026-07-01 23:20:38,q_learning,909,23,54,23.19,441,0.72,1158.46
2026-07-01 23:20:40,q_learning,910,38,54,23.45,772,1.29,1159.76
2026-07-01 23:20:40,q_learning,911,16,54,23.46,416,0.67,1160.44
2026-07-01 23:20:42,q_learning,912,37,54,23.67,896,1.53,1161.99
2026-07-01 23:20:43,q_learning,913,41,54,23.88,863,1.49,1163.49
2026-07-01 23:20:45,q_learning,914,42,54,24.16,1048,1.72,1165.22
2026-07-01 23:20:46,q_learning,915,38,54,24.45,682,1.14,1166.37
2026-07-01 23:20:47,q_learning,916,8,54,24.29,246,0.39,1166.77
2026-07-01 23:20:48,q_learning,917,32,54,24.26,844,1.41,1168.19
2026-07-01 23:20:49,q_learning,918,21,54,24.08,730,1.22,1169.42
2026-07-01 23:20:50,q_learning,919,10,54,24.03,203,0.32,1169.75
2026-07-01 23:20:50,q_learning,920,12,54,24.06,376,0.59,1170.35
2026-07-01 23:20:51,q_learning,921,23,54,24.06,644,1.05,1171.4
2026-07-01 23:20:53,q_learning,922,21,54,24.11,1043,1.7,1173.11
2026-07-01 23:20:54,q_learning,923,27,54,24.29,493,0.84,1173.97
2026-07-01 23:20:55,q_learning,924,19,54,24.32,412,0.66,1174.64
2026-07-01 23:20:55,q_learning,925,22,54,24.38,528,0.85,1175.51
2026-07-01 23:20:56,q_learning,926,14,54,24.24,236,0.38,1175.9
2026-07-01 23:20:57,q_learning,927,23,54,24.31,572,0.93,1176.84
2026-07-01 23:20:58,q_learning,928,17,54,24.3,424,0.67,1177.52
2026-07-01 23:20:58,q_learning,929,18,54,24.11,412,0.67,1178.2
2026-07-01 23:20:59,q_learning,930,25,54,24.24,666,1.11,1179.33
2026-07-01 23:21:00,q_learning,931,20,54,23.98,514,0.82,1180.16
2026-07-01 23:21:01,q_learning,932,17,54,24.05,522,0.84,1181.01
2026-07-01 23:21:03,q_learning,933,45,54,24.2,1411,2.38,1183.4
2026-07-01 23:21:05,q_learning,934,27,54,23.94,724,1.2,1184.62
2026-07-01 23:21:06,q_learning,935,21,54,23.61,565,0.92,1185.54
2026-07-01 23:21:08,q_learning,936,43,54,23.75,1199,2.1,1187.65
2026-07-01 23:21:09,q_learning,937,28,54,23.53,720,1.23,1188.9
2026-07-01 23:21:11,q_learning,938,47,54,23.86,937,1.63,1190.53
2026-07-01 23:21:12,q_learning,939,25,54,23.93,639,1.05,1191.59
2026-07-01 23:21:13,q_learning,940,34,54,23.89,865,1.46,1193.06
2026-07-01 23:21:14,q_learning,941,6,54,23.83,375,0.57,1193.65
2026-07-01 23:21:15,q_learning,942,36,54,24.03,876,1.49,1195.15
2026-07-01 23:21:16,q_learning,943,24,54,24.13,578,0.94,1196.1
2026-07-01 23:21:18,q_learning,944,46,54,24.46,1207,2.06,1198.17
2026-07-01 23:21:20,q_learning,945,43,54,24.66,910,1.57,1199.75
2026-07-01 23:21:20,q_learning,946,12,54,24.53,204,0.33,1200.09
2026-07-01 23:21:21,q_learning,947,16,54,24.55,599,0.95,1201.06
2026-07-01 23:21:22,q_learning,948,24,54,24.44,722,1.17,1202.24
2026-07-01 23:21:23,q_learning,949,12,54,24.39,379,0.6,1202.85
2026-07-01 23:21:24,q_learning,950,13,54,24.29,417,0.67,1203.53
2026-07-01 23:21:24,q_learning,951,14,54,24.31,427,0.66,1204.2
2026-07-01 23:21:25,q_learning,952,8,54,24.07,314,0.49,1204.71
2026-07-01 23:21:25,q_learning,953,15,54,24.07,452,0.72,1205.43
2026-07-01 23:21:27,q_learning,954,30,54,24.28,653,1.08,1206.53
2026-07-01 23:21:28,q_learning,955,25,54,24.41,688,1.13,1207.67
2026-07-01 23:21:29,q_learning,956,19,54,24.39,528,0.84,1208.52
2026-07-01 23:21:30,q_learning,957,34,54,24.51,784,1.3,1209.83
2026-07-01 23:21:32,q_learning,958,49,54,24.8,981,1.74,1211.58
2026-07-01 23:21:33,q_learning,959,30,54,24.64,957,1.6,1213.19
2026-07-01 23:21:35,q_learning,960,8,54,24.5,882,1.37,1214.57
2026-07-01 23:21:36,q_learning,961,8,54,24.32,1194,1.9,1216.48
2026-07-01 23:21:37,q_learning,962,16,54,24.12,574,0.94,1217.43
2026-07-01 23:21:38,q_learning,963,16,54,23.99,380,0.61,1218.05
2026-07-01 23:21:39,q_learning,964,11,54,23.73,287,0.57,1218.63
2026-07-01 23:21:40,q_learning,965,29,54,23.63,976,1.67,1220.32
2026-07-01 23:21:41,q_learning,966,28,54,23.86,608,1.04,1221.37
2026-07-01 23:21:42,q_learning,967,24,54,23.62,506,0.83,1222.22
2026-07-01 23:21:43,q_learning,968,15,54,23.54,309,0.5,1222.72
2026-07-01 23:21:44,q_learning,969,27,54,23.63,504,0.85,1223.58
2026-07-01 23:21:45,q_learning,970,20,54,23.71,669,1.34,1224.94
2026-07-01 23:21:45,q_learning,971,9,54,23.66,311,0.49,1225.44
2026-07-01 23:21:47,q_learning,972,47,54,23.95,1193,2.05,1227.5
2026-07-01 23:21:49,q_learning,973,29,54,24.13,583,1.02,1228.53
2026-07-01 23:21:50,q_learning,974,42,54,24.33,1000,1.76,1230.3
2026-07-01 23:21:52,q_learning,975,40,54,24.6,1135,1.92,1232.24
2026-07-01 23:21:54,q_learning,976,28,54,24.73,845,1.38,1233.63
2026-07-01 23:21:54,q_learning,977,12,54,24.5,217,0.34,1233.99
2026-07-01 23:21:56,q_learning,978,40,54,24.69,950,1.57,1235.57
2026-07-01 23:21:57,q_learning,979,48,54,25.05,907,1.53,1237.11
2026-07-01 23:21:57,q_learning,980,4,54,24.94,76,0.12,1237.24
2026-07-01 23:22:00,q_learning,981,75,75,25.44,1598,3.02,1240.27
2026-07-01 23:22:02,q_learning,982,38,75,25.64,962,1.61,1241.9
2026-07-01 23:22:03,q_learning,983,18,75,25.73,497,0.8,1242.71
2026-07-01 23:22:04,q_learning,984,30,75,25.86,548,0.9,1243.62
2026-07-01 23:22:06,q_learning,985,38,75,26.09,1241,2.13,1245.76
2026-07-01 23:22:06,q_learning,986,23,75,26.2,417,0.66,1246.43
2026-07-01 23:22:08,q_learning,987,36,75,26.09,803,1.37,1247.82
2026-07-01 23:22:08,q_learning,988,21,75,26.04,361,0.59,1248.42
2026-07-01 23:22:09,q_learning,989,23,75,26.07,462,0.79,1249.22
2026-07-01 23:22:11,q_learning,990,37,75,26.32,1105,1.83,1251.06
2026-07-01 23:22:13,q_learning,991,31,75,26.26,977,1.62,1252.69
2026-07-01 23:22:15,q_learning,992,40,75,26.45,1096,1.86,1254.56
2026-07-01 23:22:16,q_learning,993,40,75,26.56,859,1.47,1256.05
2026-07-01 23:22:17,q_learning,994,20,75,26.42,504,0.81,1256.86
2026-07-01 23:22:17,q_learning,995,18,75,26.3,266,0.42,1257.3
2026-07-01 23:22:19,q_learning,996,35,75,26.35,815,1.39,1258.7
2026-07-01 23:22:20,q_learning,997,28,75,26.27,855,1.43,1260.14
2026-07-01 23:22:21,q_learning,998,33,75,26.35,789,1.3,1261.45
2026-07-01 23:22:23,q_learning,999,24,75,26.49,881,1.42,1262.89
2026-07-01 23:22:24,q_learning,1000,17,75,26.34,450,0.72,1263.62
2026-07-01 23:28:01,rule,1,8,8,8.0,132,0.3,0.3
2026-07-01 23:28:02,rule,2,12,12,10.0,235,0.45,0.81
2026-07-01 23:28:02,rule,3,19,19,13.0,335,0.65,1.47
2026-07-01 23:28:03,rule,4,23,23,15.5,329,0.66,2.14
2026-07-01 23:28:04,rule,5,33,33,19.0,609,1.25,3.4
2026-07-01 23:28:04,rule,6,6,33,16.833333333333332,62,0.11,3.52
2026-07-01 23:28:05,rule,7,5,33,15.142857142857142,102,0.18,3.71
2026-07-01 23:28:05,rule,8,9,33,14.375,131,0.23,3.96
2026-07-01 23:28:05,rule,9,8,33,13.666666666666666,168,0.32,4.29
2026-07-01 23:28:06,rule,10,20,33,14.3,317,0.6,4.9
2026-07-01 23:28:06,rule,11,5,33,13.454545454545455,76,0.13,5.04
2026-07-01 23:28:08,rule,12,35,35,15.25,715,1.58,6.63
2026-07-01 23:28:08,rule,13,4,35,14.384615384615385,79,0.13,6.78
2026-07-01 23:28:08,rule,14,3,35,13.571428571428571,50,0.08,6.87
2026-07-01 23:28:08,rule,15,13,35,13.533333333333333,201,0.36,7.24
2026-07-01 23:28:09,rule,16,19,35,13.875,386,0.74,7.99
2026-07-01 23:28:09,rule,17,5,35,13.352941176470589,76,0.13,8.13
2026-07-01 23:28:10,rule,18,13,35,13.333333333333334,256,0.48,8.62
2026-07-01 23:28:10,rule,19,8,35,13.052631578947368,154,0.27,8.91
2026-07-01 23:28:10,rule,20,2,35,12.5,41,0.07,8.98
2026-07-01 23:28:10,rule,21,9,35,12.333333333333334,125,0.22,9.22
2026-07-01 23:28:10,rule,22,2,35,11.863636363636363,24,0.04,9.27
2026-07-01 23:28:10,rule,23,5,35,11.565217391304348,82,0.14,9.42
2026-07-01 23:28:11,rule,24,11,35,11.541666666666666,174,0.31,9.74
2026-07-01 23:28:11,rule,25,13,35,11.6,251,0.47,10.22
2026-07-01 23:28:12,rule,26,21,35,11.961538461538462,369,0.72,10.95
2026-07-01 23:28:13,rule,27,23,35,12.37037037037037,357,0.71,11.67
2026-07-01 23:28:13,rule,28,9,35,12.25,114,0.21,11.89
2026-07-01 23:28:13,rule,29,17,35,12.413793103448276,326,0.61,12.52
2026-07-01 23:28:14,rule,30,11,35,12.366666666666667,106,0.18,12.71
2026-07-01 23:28:14,rule,31,1,35,12.0,13,0.02,12.74
